<?xml version="1.0" encoding="utf-8" ?>
<Patch>
	<Operation Class="PatchOperationAdd">
		<xpath>/Defs/FactionDef[@Name="OutlanderFactionBase"]/pawnGroupMakers/li[1]/options</xpath>  <!-- Outlander "normal" group -->
		<value>
			<FerrexSecurityGuard>3</FerrexSecurityGuard>
			<FerrexProfessional>1</FerrexProfessional>
		</value>
	</Operation> 
	
	<Operation Class="PatchOperationAdd">
		<xpath>/Defs/FactionDef[@Name="OutlanderFactionBase"]/pawnGroupMakers/li[3]/guards</xpath>  <!-- Outlander Caravan guard group -->
		<value>
			<FerrexSecurityGuard>3</FerrexSecurityGuard>
			<FerrexProfessional>1</FerrexProfessional>  
		</value>
	</Operation> 

	<Operation Class="PatchOperationAdd">
		<xpath>/Defs/FactionDef[@Name="OutlanderFactionBase"]/pawnGroupMakers/li[4]/options</xpath>  <!-- Outlander base group -->
		<value>
			<FerrexSecurityGuard>3</FerrexSecurityGuard>
			<FerrexProfessional>1</FerrexProfessional>
		</value>
	</Operation> 
	
	<Operation Class="PatchOperationAdd">
		<xpath>/Defs/FactionDef[defName = "Pirate"]/pawnGroupMakers/li[1]/options</xpath>  <!-- Pirate "normal" group -->
		<value>
			<FerrexAssassinPIR>1</FerrexAssassinPIR>
			<FerrexAgentPIR>2</FerrexAgentPIR>
		</value>
	</Operation> 
	
	<Operation Class="PatchOperationAdd">
		<xpath>/Defs/FactionDef[defName = "Pirate"]/pawnGroupMakers/li[2]/options</xpath>  <!-- Pirate "normal" melee only group -->
		<value>
			<FerrexMeleePIR>3</FerrexMeleePIR>
		</value>
	</Operation> 
	
	<Operation Class="PatchOperationAdd">
		<xpath>/Defs/FactionDef[defName = "Pirate"]/pawnGroupMakers/li[7]/options</xpath>  <!-- Pirate base group -->
		<value>
			<FerrexAssassinPIR>1</FerrexAssassinPIR>
			<FerrexAgentPIR>2</FerrexAgentPIR>
			<FerrexMeleePIR>1</FerrexMeleePIR>
		</value>
	</Operation> 
	
</Patch>