<?xml version="1.0" encoding="utf-8" ?>
<Defs>
<AlienRace.PawnBioDef>
    <defName>RBio_Mulder</defName>
    <childhoodDef>FerrexMulderKid</childhoodDef> 
    <adulthoodDef>FerrexMulderAdult</adulthoodDef>
    <gender>Male</gender>
    <name>
      <first>Fox</first>
      <last>Mulder</last>
      <nick>Mulder</nick>
    </name>
    <validRaces>
          <li>Alien_Ferrex</li>
    </validRaces>
    <factionLeader>false</factionLeader>
</AlienRace.PawnBioDef>

<AlienRace.PawnBioDef>
    <defName>RBio_Smiley</defName>
    <childhoodDef>FerrexSmileyKid</childhoodDef> 
    <adulthoodDef>FerrexSmileyAdult</adulthoodDef>
    <gender>Male</gender>
    <name>
      <first>George</first>
      <last>Smiley</last>
      <nick>Smiley</nick>
    </name>
    <validRaces>
          <li>Alien_Ferrex</li>
    </validRaces>
    <factionLeader>false</factionLeader>
</AlienRace.PawnBioDef>

<AlienRace.PawnBioDef>
    <defName>FerrexSagan_X</defName>
    <childhoodDef>FerrexCSKid</childhoodDef> 
    <adulthoodDef>FerrexSaganAdult</adulthoodDef>
    <gender>Male</gender>
    <name>
      <first>Carl</first>
      <last>Sagan</last>
      <nick>Sagan</nick>
    </name>
    <validRaces>
          <li>Alien_Ferrex</li>
    </validRaces>
    <factionLeader>false</factionLeader>
</AlienRace.PawnBioDef>


<AlienRace.PawnBioDef>
    <defName>FerrexHanzo_X</defName>
    <childhoodDef>FerrexHanzoKid</childhoodDef> 
    <adulthoodDef>FerrexHanzo</adulthoodDef>
    <gender>Male</gender>
    <name>
      <first>Hattori</first>
      <last>Hanzo</last>
      <nick>Hanzo</nick>
    </name>
    <validRaces>
          <li>Alien_Ferrex</li>
    </validRaces>
    <factionLeader>false</factionLeader>
</AlienRace.PawnBioDef>
</Defs>
