<?xml version="1.0" encoding="utf-8" ?>
<Defs>

  <PawnKindDef Abstract="True" Name="BaseFerrexPawnKind">
    <race>Alien_Ferrex</race>
    <combatPower>40</combatPower>
    <baseRecruitDifficulty>0.50</baseRecruitDifficulty>
    <isFighter>false</isFighter>
    <apparelIgnoreSeasons>true</apparelIgnoreSeasons>
    <forceNormalGearQuality>true</forceNormalGearQuality>
  </PawnKindDef>

  <PawnKindDef ParentName="BaseFerrexPawnKind">
    <defName>Ferrex</defName>
    <label>colonist</label>
    <defaultFactionType>FerrexPlayerColony</defaultFactionType>
    <backstoryFilters>
      <li>
      <categories>
			<li>FerrexBackstory</li>
      </categories>
      </li>
  	</backstoryFilters>
    <apparelTags>
      <li>Spacer</li>
      <li>IndustrialBasic</li>
      <li>IndustrialMilitaryBasic</li>
      <li>IndustrialMilitaryAdvanced</li>
      <li>SpacerMilitary</li>
    </apparelTags>
    <apparelMoney>
      <min>1000</min>
      <max>2400</max>
    </apparelMoney>
    <backstoryCryptosleepCommonality>1</backstoryCryptosleepCommonality>
  </PawnKindDef>

</Defs>