<?xml version="1.0" encoding="UTF-8"?>

<Defs>  
  <RecipeDef Abstract="True" Name="SurgeryFlesh">
    <effectWorking>Surgery</effectWorking>
    <soundWorking>Recipe_Surgery</soundWorking>
    <workSpeedStat>MedicalOperationSpeed</workSpeedStat>
    <workSkill>Medicine</workSkill>
    <workSkillLearnFactor>16</workSkillLearnFactor>
  </RecipeDef>

  <RecipeDef Name="SurgeryRTails" ParentName="SurgeryFlesh" Abstract="True">
  <recipeUsers>
  <li>Alien_Ferrex</li>
  </recipeUsers>
  </RecipeDef>
  
 <RecipeDef ParentName="SurgeryRTails">
      <defName>InstallFerrexTail</defName>
      <label>install Ferrex tail</label>
      <description>Replace missing or damaged tail.</description>
      <workerClass>Recipe_InstallNaturalBodyPart</workerClass>
      <jobString>Installing tail.</jobString>
      <workAmount>1200</workAmount>
      <ingredients>
         <li>
            <filter>
               <categories>
                  <li>Medicine</li>
               </categories>
            </filter>
            <count>1</count>
         </li>
         <li>
            <filter>
               <thingDefs>
                  <li>FTail</li>
               </thingDefs>
            </filter>
            <count>1</count>
         </li>
      </ingredients>
      <fixedIngredientFilter>
         <categories>
            <li>Medicine</li>
         </categories>
         <thingDefs>
            <li>FTail</li>
         </thingDefs>
      </fixedIngredientFilter>
      <appliedOnFixedBodyParts>
         <li>Tail</li>
      </appliedOnFixedBodyParts>
   </RecipeDef>

 <RecipeDef ParentName="SurgeryRTails">
      <defName>RXInstallClothTail</defName>
      <label>install cloth tail</label>
      <description>Installs cloth tail.</description>
      <workerClass>Recipe_InstallArtificialBodyPart</workerClass>
      <jobString>Installing cloth tail.</jobString>
      <workAmount>1200</workAmount>
      <ingredients>
         <li>
            <filter>
               <categories>
                  <li>Medicine</li>
               </categories>
            </filter>
            <count>1</count>
         </li>
         <li>
            <filter>
               <thingDefs>
                  <li>Cloth</li>
               </thingDefs>
            </filter>
            <count>3</count>
         </li>
      </ingredients>
      <fixedIngredientFilter>
         <categories>
            <li>Medicine</li>
         </categories>
         <thingDefs>
            <li>Cloth</li>
         </thingDefs>
      </fixedIngredientFilter>
      <appliedOnFixedBodyParts>
         <li>Tail</li>
      </appliedOnFixedBodyParts>
      <addsHediff>ClothTail</addsHediff>
   </RecipeDef>

 <RecipeDef ParentName="SurgeryRTails">
      <defName>InstallBionicFerrexTail</defName>
      <label>install bionic tail</label>
      <description>Installs bionic tail.</description>
      <workerClass>Recipe_InstallArtificialBodyPart</workerClass>
      <jobString>Installing bionic tail.</jobString>
      <workAmount>1200</workAmount>
      <ingredients>
         <li>
            <filter>
               <categories>
                  <li>Medicine</li>
               </categories>
            </filter>
            <count>1</count>
         </li>
         <li>
            <filter>
               <thingDefs>
                  <li>BionicFerrexTail</li>
               </thingDefs>
            </filter>
            <count>1</count>
         </li>
      </ingredients>
      <fixedIngredientFilter>
         <categories>
            <li>Medicine</li>
         </categories>
         <thingDefs>
            <li>BionicFerrexTail</li>
         </thingDefs>
      </fixedIngredientFilter>
      <appliedOnFixedBodyParts>
         <li>Tail</li>
      </appliedOnFixedBodyParts>
      <addsHediff>BionicFerrexTail</addsHediff>
   </RecipeDef>

</Defs> 